,,AH0,AH1,IH0,IH1,S,SH,W,Y,Z,ZH
',,IH0,IH1
a,,AA0,AA1,AE0,AE1,AH0,AH1,AO0,AO1,AW0,AW1,AY0,AY1,EH0,EH1,ER0,ER1,EY0,EY1,IH0,IH1,IY0,IY1,OW0,OW1,OY0,OY1,UH0,UH1,UW0,UW1
b,,B,P
c,,CH,K,S,SH,T
d,,D,JH,T
e,,AA0,AA1,AE0,AE1,AH0,AH1,AO0,AO1,AW0,AW1,AY0,AY1,EH0,EH1,ER0,ER1,EY0,EY1,IH0,IH1,IY0,IY1,OW0,OW1,OY0,OY1,UH0,UH1,UW0,UW1
f,,F
g,,F,G,JH,K,ZH
h,,HH
i,,AA0,AA1,AE0,AE1,AH0,AH1,AO0,AO1,AW0,AW1,AY0,AY1,EH0,EH1,ER0,ER1,EY0,EY1,IH0,IH1,IY0,IY1,OW0,OW1,OY0,OY1,UH0,UH1,UW0,UW1,Y
j,,HH,JH,Y,ZH
k,,K
l,,L,Y
m,,M
n,,N,NG,Y
o,,AA0,AA1,AE0,AE1,AH0,AH1,AO0,AO1,AW0,AW1,AY0,AY1,EH0,EH1,ER0,ER1,EY0,EY1,IH0,IH1,IY0,IY1,OW0,OW1,OY0,OY1,UH0,UH1,UW0,UW1,W
p,,F,P
q,,K
r,,ER0,ER1,R
s,,CH,S,SH,Z,ZH
t,,CH,D,DH,S,SH,T,TH,ZH
u,,AA0,AA1,AE0,AE1,AH0,AH1,AO0,AO1,AW0,AW1,AY0,AY1,EH0,EH1,ER0,ER1,EY0,EY1,IH0,IH1,IY0,IY1,OW0,OW1,OY0,OY1,UH0,UH1,UW0,UW1,W
v,,F,V
w,,F,UW0,UW1,V,W
x,,G,K,NG,S,SH,Z,ZH
y,,AA0,AA1,AE0,AE1,AH0,AH1,AO0,AO1,AW0,AW1,AY0,AY1,EH0,EH1,ER0,ER1,EY0,EY1,IH0,IH1,IY0,IY1,OW0,OW1,OY0,OY1,UH0,UH1,UW0,UW1,Y
z,,S,T,Z,ZH
