,,AH0,AH1,AH2,IH0,IH1,IH2,S,SH,W,Y,Z,ZH
',,IH0,IH1,IH2
a,,AA0,AA1,AA2,AE0,AE1,AE2,AH0,AH1,AH2,AO0,AO1,AO2,AW0,AW1,AW2,AY0,AY1,AY2,EH0,EH1,EH2,ER0,ER1,ER2,EY0,EY1,EY2,IH0,IH1,IH2,IY0,IY1,IY2,OW0,OW1,OW2,OY0,OY1,OY2,UH0,UH1,UH2,UW0,UW1,UW2
b,,B,P
c,,CH,K,S,SH,T
d,,D,JH,T
e,,AA0,AA1,AA2,AE0,AE1,AE2,AH0,AH1,AH2,AO0,AO1,AO2,AW0,AW1,AW2,AY0,AY1,AY2,EH0,EH1,EH2,ER0,ER1,ER2,EY0,EY1,EY2,IH0,IH1,IH2,IY0,IY1,IY2,OW0,OW1,OW2,OY0,OY1,OY2,UH0,UH1,UH2,UW0,UW1,UW2
f,,F
g,,F,G,JH,K,ZH
h,,HH
i,,AA0,AA1,AA2,AE0,AE1,AE2,AH0,AH1,AH2,AO0,AO1,AO2,AW0,AW1,AW2,AY0,AY1,AY2,EH0,EH1,EH2,ER0,ER1,ER2,EY0,EY1,EY2,IH0,IH1,IH2,IY0,IY1,IY2,OW0,OW1,OW2,OY0,OY1,OY2,UH0,UH1,UH2,UW0,UW1,UW2,Y
j,,HH,JH,Y,ZH
k,,K
l,,L,Y
m,,M
n,,N,NG,Y
o,,AA0,AA1,AA2,AE0,AE1,AE2,AH0,AH1,AH2,AO0,AO1,AO2,AW0,AW1,AW2,AY0,AY1,AY2,EH0,EH1,EH2,ER0,ER1,ER2,EY0,EY1,EY2,IH0,IH1,IH2,IY0,IY1,IY2,OW0,OW1,OW2,OY0,OY1,OY2,UH0,UH1,UH2,UW0,UW1,UW2,W
p,,F,P
q,,K
r,,ER0,ER1,ER2,R
s,,CH,S,SH,Z,ZH
t,,CH,D,DH,S,SH,T,TH,ZH
u,,AA0,AA1,AA2,AE0,AE1,AE2,AH0,AH1,AH2,AO0,AO1,AO2,AW0,AW1,AW2,AY0,AY1,AY2,EH0,EH1,EH2,ER0,ER1,ER2,EY0,EY1,EY2,IH0,IH1,IH2,IY0,IY1,IY2,OW0,OW1,OW2,OY0,OY1,OY2,UH0,UH1,UH2,UW0,UW1,UW2,W
v,,F,V
w,,F,UW0,UW1,UW2,V,W
x,,G,K,NG,S,SH,Z,ZH
y,,AA0,AA1,AA2,AE0,AE1,AE2,AH0,AH1,AH2,AO0,AO1,AO2,AW0,AW1,AW2,AY0,AY1,AY2,EH0,EH1,EH2,ER0,ER1,ER2,EY0,EY1,EY2,IH0,IH1,IH2,IY0,IY1,IY2,OW0,OW1,OW2,OY0,OY1,OY2,UH0,UH1,UH2,UW0,UW1,UW2,Y
z,,S,T,Z,ZH
